Delta_F3_mean,Delta_F3_std,Delta_F3_min,Delta_F3_max,Delta_F3_range,Delta_F3_median,Delta_F3_skew,Delta_F3_kurtosis,Delta_Fz_mean,Delta_Fz_std,Delta_Fz_min,Delta_Fz_max,Delta_Fz_range,Delta_Fz_median,Delta_Fz_skew,Delta_Fz_kurtosis,Delta_F4_mean,Delta_F4_std,Delta_F4_min,Delta_F4_max,Delta_F4_range,Delta_F4_median,Delta_F4_skew,Delta_F4_kurtosis,Delta_C3_mean,Delta_C3_std,Delta_C3_min,Delta_C3_max,Delta_C3_range,Delta_C3_median,Delta_C3_skew,Delta_C3_kurtosis,Delta_C4_mean,Delta_C4_std,Delta_C4_min,Delta_C4_max,Delta_C4_range,Delta_C4_median,Delta_C4_skew,Delta_C4_kurtosis,Delta_Pz_mean,Delta_Pz_std,Delta_Pz_min,Delta_Pz_max,Delta_Pz_range,Delta_Pz_median,Delta_Pz_skew,Delta_Pz_kurtosis,Delta_O1_mean,Delta_O1_std,Delta_O1_min,Delta_O1_max,Delta_O1_range,Delta_O1_median,Delta_O1_skew,Delta_O1_kurtosis,Delta_O2_mean,Delta_O2_std,Delta_O2_min,Delta_O2_max,Delta_O2_range,Delta_O2_median,Delta_O2_skew,Delta_O2_kurtosis,Theta_F3_mean,Theta_F3_std,Theta_F3_min,Theta_F3_max,Theta_F3_range,Theta_F3_median,Theta_F3_skew,Theta_F3_kurtosis,Theta_Fz_mean,Theta_Fz_std,Theta_Fz_min,Theta_Fz_max,Theta_Fz_range,Theta_Fz_median,Theta_Fz_skew,Theta_Fz_kurtosis,Theta_F4_mean,Theta_F4_std,Theta_F4_min,Theta_F4_max,Theta_F4_range,Theta_F4_median,Theta_F4_skew,Theta_F4_kurtosis,Theta_C3_mean,Theta_C3_std,Theta_C3_min,Theta_C3_max,Theta_C3_range,Theta_C3_median,Theta_C3_skew,Theta_C3_kurtosis,Theta_C4_mean,Theta_C4_std,Theta_C4_min,Theta_C4_max,Theta_C4_range,Theta_C4_median,Theta_C4_skew,Theta_C4_kurtosis,Theta_Pz_mean,Theta_Pz_std,Theta_Pz_min,Theta_Pz_max,Theta_Pz_range,Theta_Pz_median,Theta_Pz_skew,Theta_Pz_kurtosis,Theta_O1_mean,Theta_O1_std,Theta_O1_min,Theta_O1_max,Theta_O1_range,Theta_O1_median,Theta_O1_skew,Theta_O1_kurtosis,Theta_O2_mean,Theta_O2_std,Theta_O2_min,Theta_O2_max,Theta_O2_range,Theta_O2_median,Theta_O2_skew,Theta_O2_kurtosis,Alpha_F3_mean,Alpha_F3_std,Alpha_F3_min,Alpha_F3_max,Alpha_F3_range,Alpha_F3_median,Alpha_F3_skew,Alpha_F3_kurtosis,Alpha_Fz_mean,Alpha_Fz_std,Alpha_Fz_min,Alpha_Fz_max,Alpha_Fz_range,Alpha_Fz_median,Alpha_Fz_skew,Alpha_Fz_kurtosis,Alpha_F4_mean,Alpha_F4_std,Alpha_F4_min,Alpha_F4_max,Alpha_F4_range,Alpha_F4_median,Alpha_F4_skew,Alpha_F4_kurtosis,Alpha_C3_mean,Alpha_C3_std,Alpha_C3_min,Alpha_C3_max,Alpha_C3_range,Alpha_C3_median,Alpha_C3_skew,Alpha_C3_kurtosis,Alpha_C4_mean,Alpha_C4_std,Alpha_C4_min,Alpha_C4_max,Alpha_C4_range,Alpha_C4_median,Alpha_C4_skew,Alpha_C4_kurtosis,Alpha_Pz_mean,Alpha_Pz_std,Alpha_Pz_min,Alpha_Pz_max,Alpha_Pz_range,Alpha_Pz_median,Alpha_Pz_skew,Alpha_Pz_kurtosis,Alpha_O1_mean,Alpha_O1_std,Alpha_O1_min,Alpha_O1_max,Alpha_O1_range,Alpha_O1_median,Alpha_O1_skew,Alpha_O1_kurtosis,Alpha_O2_mean,Alpha_O2_std,Alpha_O2_min,Alpha_O2_max,Alpha_O2_range,Alpha_O2_median,Alpha_O2_skew,Alpha_O2_kurtosis,Beta_F3_mean,Beta_F3_std,Beta_F3_min,Beta_F3_max,Beta_F3_range,Beta_F3_median,Beta_F3_skew,Beta_F3_kurtosis,Beta_Fz_mean,Beta_Fz_std,Beta_Fz_min,Beta_Fz_max,Beta_Fz_range,Beta_Fz_median,Beta_Fz_skew,Beta_Fz_kurtosis,Beta_F4_mean,Beta_F4_std,Beta_F4_min,Beta_F4_max,Beta_F4_range,Beta_F4_median,Beta_F4_skew,Beta_F4_kurtosis,Beta_C3_mean,Beta_C3_std,Beta_C3_min,Beta_C3_max,Beta_C3_range,Beta_C3_median,Beta_C3_skew,Beta_C3_kurtosis,Beta_C4_mean,Beta_C4_std,Beta_C4_min,Beta_C4_max,Beta_C4_range,Beta_C4_median,Beta_C4_skew,Beta_C4_kurtosis,Beta_Pz_mean,Beta_Pz_std,Beta_Pz_min,Beta_Pz_max,Beta_Pz_range,Beta_Pz_median,Beta_Pz_skew,Beta_Pz_kurtosis,Beta_O1_mean,Beta_O1_std,Beta_O1_min,Beta_O1_max,Beta_O1_range,Beta_O1_median,Beta_O1_skew,Beta_O1_kurtosis,Beta_O2_mean,Beta_O2_std,Beta_O2_min,Beta_O2_max,Beta_O2_range,Beta_O2_median,Beta_O2_skew,Beta_O2_kurtosis,Gamma_F3_mean,Gamma_F3_std,Gamma_F3_min,Gamma_F3_max,Gamma_F3_range,Gamma_F3_median,Gamma_F3_skew,Gamma_F3_kurtosis,Gamma_Fz_mean,Gamma_Fz_std,Gamma_Fz_min,Gamma_Fz_max,Gamma_Fz_range,Gamma_Fz_median,Gamma_Fz_skew,Gamma_Fz_kurtosis,Gamma_F4_mean,Gamma_F4_std,Gamma_F4_min,Gamma_F4_max,Gamma_F4_range,Gamma_F4_median,Gamma_F4_skew,Gamma_F4_kurtosis,Gamma_C3_mean,Gamma_C3_std,Gamma_C3_min,Gamma_C3_max,Gamma_C3_range,Gamma_C3_median,Gamma_C3_skew,Gamma_C3_kurtosis,Gamma_C4_mean,Gamma_C4_std,Gamma_C4_min,Gamma_C4_max,Gamma_C4_range,Gamma_C4_median,Gamma_C4_skew,Gamma_C4_kurtosis,Gamma_Pz_mean,Gamma_Pz_std,Gamma_Pz_min,Gamma_Pz_max,Gamma_Pz_range,Gamma_Pz_median,Gamma_Pz_skew,Gamma_Pz_kurtosis,Gamma_O1_mean,Gamma_O1_std,Gamma_O1_min,Gamma_O1_max,Gamma_O1_range,Gamma_O1_median,Gamma_O1_skew,Gamma_O1_kurtosis,Gamma_O2_mean,Gamma_O2_std,Gamma_O2_min,Gamma_O2_max,Gamma_O2_range,Gamma_O2_median,Gamma_O2_skew,Gamma_O2_kurtosis,duration_seconds,sample_count,shot,result,aiming_time
0.5667174796747967,0.2679216141180991,0.14,1.67,1.5299999999999998,0.51,1.710313581252029,4.191606167609306,0.0,0.0,0,0,0,0.0,0.0,0.0,0.6115447154471545,0.2761242662452569,0.16,1.52,1.36,0.55,0.9688906143434582,0.8530556043490987,0.9308130081300813,0.5249929996079287,0.18,2.37,2.19,0.86,0.4818635387614199,-0.6413210751669518,0.6114227642276424,0.3199799843213768,0.16,1.69,1.53,0.52,1.258640481522044,1.5601558435845027,0.6046138211382114,0.2819064822823885,0.16,1.58,1.4200000000000002,0.53,1.1558995628082642,0.8607428994992317,0.6076524390243903,0.31525712855529553,0.15,1.71,1.56,0.51,1.3329982880222306,1.7961915641509592,0.645558943089431,0.3357072863025214,0.15,1.64,1.49,0.54,1.0955800513083438,0.5951014820373466,2.743282520325203,1.3128281297759339,0.43,5.78,5.3500000000000005,2.415,0.4113827404279766,-0.8841925166791591,0.0,0.0,0,0,0,0.0,0.0,0.0,2.939268292682927,1.4948462405817582,0.54,7.4,6.86,2.59,0.6356772465479354,-0.19245325533087554,3.2083028455284555,1.8964044432993845,0.62,8.73,8.110000000000001,2.4850000000000003,1.0207423309064005,0.28132693941818765,2.7278150406504067,1.3638400257383936,0.53,6.63,6.1,2.505,0.5981398940292351,-0.3564591091951059,3.1165040650406506,1.423179057851027,0.62,6.87,6.25,3.005,0.39265659761475447,-0.42911773768284167,2.741463414634146,1.2482450315879305,0.55,5.5,4.95,2.56,0.24971354451510108,-1.0878255289072678,2.8247560975609756,1.353533389421989,0.56,5.92,5.359999999999999,2.59,0.5045118619010478,-0.6438746273641209,3.9975,1.7880296133651143,0.9,8.96,8.06,3.61,0.6341993343423037,-0.0432984499851341,0.0,0.0,0,0,0,0.0,0.0,0.0,4.131524390243903,1.6905271088667768,1.27,9.07,7.800000000000001,3.895,0.7227870908680271,0.3661219964832303,7.809380081300813,5.048482777415935,1.79,24.45,22.66,5.525,1.2263915251188067,0.8291516141465203,4.01244918699187,1.856364871619055,0.92,8.99,8.07,3.61,0.7325377641326362,-0.02078263846471584,4.619451219512195,2.270340567095323,0.99,12.32,11.33,4.38,1.2647979181328695,2.339516832689281,3.9390548780487804,1.7917810609369196,0.95,10.19,9.24,3.65,1.3601212860964278,2.580807052031422,4.094065040650406,1.824130149823977,1.02,10.09,9.07,3.87,1.0672043122735044,1.7716066904419625,2.2833638211382112,1.5070853904513624,0.37,7.51,7.14,1.99,1.5606595941515273,2.6494636000059435,0.0,0.0,0,0,0,0.0,0.0,0.0,2.0441565040650405,1.3076775791320945,0.36,6.44,6.08,1.77,1.4251277406478633,1.5512742777392887,4.395833333333333,3.318218570690537,0.82,15.65,14.83,3.07,1.3837711750310442,1.4929846215456717,2.0852032520325205,1.1415710647076758,0.44,5.55,5.109999999999999,1.9249999999999998,0.8167273329542158,0.0649524493966891,2.4126626016260166,1.4578125811829445,0.42,7.98,7.5600000000000005,2.16,1.3807614484454598,2.3519763489964323,2.033211382113821,1.2480916264720734,0.37,6.47,6.1,1.73,1.2907241344301599,1.5166076336913656,2.0486890243902436,1.1982609511544258,0.41,6.41,6.0,1.835,1.3966798274193437,2.1651909011067163,0.11044715447154473,0.039141385632206156,0.04,0.24,0.19999999999999998,0.1,1.0243836141273834,0.7998217139737895,0.0,0.0,0,0,0,0.0,0.0,0.0,0.10964430894308945,0.040286051294731666,0.05,0.27,0.22000000000000003,0.1,1.2967954225892828,2.2792798840237563,0.19672764227642275,0.10879934309598606,0.07,0.73,0.6599999999999999,0.17,1.7641730674313016,4.23384985559215,0.10647357723577237,0.0363444484743056,0.05,0.24,0.19,0.1,1.0937006906146585,1.3609537371270841,0.12004065040650408,0.04874621694358473,0.05,0.32,0.27,0.11,1.5693680331105662,3.1280377972170097,0.10516260162601627,0.03510446528506006,0.05,0.24,0.19,0.1,1.1859380736539265,1.7507405571755186,0.1071747967479675,0.035962933542355406,0.05,0.25,0.2,0.1,1.212438339660764,1.7091880566315236,16.4,984,hit 4,8.0,16.4
0.48075075075075074,0.5174986464326123,0.06,1.84,1.78,0.19,1.1026470528357153,-0.27108996695486454,0.0,0.0,0,0,0,0.0,0.0,0.0,0.5447747747747749,0.584381192175746,0.06,2.07,2.01,0.19,1.0261788960639662,-0.381071951317677,0.708978978978979,0.6857232674756284,0.08,2.55,2.4699999999999998,0.315,0.9981546216719872,-0.18728273507608373,0.49549549549549543,0.5481466881310169,0.06,2.02,1.96,0.19,1.197869555212493,0.012942924622044494,0.4847297297297298,0.5447350205683595,0.05,2.17,2.12,0.22,1.319269555465487,0.41799617508019127,0.5167717717717718,0.585512511580245,0.06,2.2,2.14,0.21,1.2574266599839452,0.199380234400091,0.501906906906907,0.5412665156322753,0.05,1.9,1.8499999999999999,0.22,1.0988547604238463,-0.2298341235905239,2.172327327327327,2.1725148078759013,0.44,8.07,7.63,0.93,1.2470194132040981,0.08681271687564562,0.0,0.0,0,0,0,0.0,0.0,0.0,2.0632432432432433,2.1453749499987405,0.38,9.24,8.86,1.1949999999999998,1.7572248883936503,2.366635143033746,3.3512912912912913,3.400406497037814,0.49,12.02,11.53,1.31,1.087367765253998,-0.14996314435687852,2.0502552552552555,2.031073591662,0.37,7.82,7.45,1.05,1.3597508242922995,0.5822110463200714,2.0305255255255257,2.0829744911847614,0.43,8.41,7.98,1.12,1.628120475410233,1.5906394977105989,2.098483483483483,2.1477915106944168,0.4,8.81,8.41,1.025,1.604848502165295,1.6404605824546876,2.0753303303303303,2.039497349738402,0.41,7.8,7.39,1.105,1.3677623632050744,0.6735558985714927,2.727822822822823,2.5769988207107315,0.62,9.62,9.0,1.3,1.273615779192219,0.133808276098081,0.0,0.0,0,0,0,0.0,0.0,0.0,2.849159159159159,2.5661010854300548,0.54,8.98,8.440000000000001,1.43,1.1006991047970238,-0.24052587567716266,5.53027027027027,4.997969986604012,1.26,19.94,18.68,2.325,1.0725683104652968,-0.02331093195565348,2.8194294294294293,2.833106847755972,0.54,11.4,10.86,1.3849999999999998,1.526680206204874,1.1120013237593187,3.005975975975976,2.9493148473153745,0.72,11.92,11.2,1.705,1.4953209702562331,1.060093404182528,2.747657657657658,2.583879855311704,0.54,10.21,9.670000000000002,1.56,1.392659981171628,0.683825636423558,3.1087087087087086,3.3119530819861307,0.56,12.87,12.309999999999999,1.48,1.4900763564563357,0.9952719394401162,1.619984984984985,1.2253601587171026,0.4,5.05,4.6499999999999995,1.0150000000000001,1.1265239617836464,0.22229615539664405,0.0,0.0,0,0,0,0.0,0.0,0.0,1.8711261261261263,1.5148529075249186,0.41,5.6,5.1899999999999995,1.11,0.9628831780420887,-0.4236800131263112,4.113978978978979,3.9581881546013733,0.64,15.89,15.25,2.425,1.5674123055148768,1.7888566029501294,1.6304654654654653,1.230077664707228,0.4,4.93,4.529999999999999,1.0950000000000002,1.0948237303985175,-0.030101735832684273,1.8824924924924924,1.6739059101945228,0.4,6.35,5.949999999999999,1.12,1.2664618153970961,0.3382516329836118,1.7070270270270271,1.290129627755017,0.45,4.98,4.53,1.07,0.9855722997898939,-0.4431540445005835,1.7716816816816818,1.4664212057442485,0.41,5.71,5.3,1.085,1.100410707351065,-0.12580540655218897,0.09241741741741744,0.041203838750246656,0.04,0.26,0.22,0.07,1.260889147725395,1.0286729642190964,0.0,0.0,0,0,0,0.0,0.0,0.0,0.09623123123123124,0.04416034335689752,0.05,0.26,0.21000000000000002,0.08,1.1257543364647575,0.42589549565028983,0.18834834834834838,0.1293952572789687,0.06,0.56,0.5,0.11,0.8811169867974513,-0.314371266453251,0.09309309309309309,0.043921122536366014,0.04,0.26,0.22,0.07,1.3655871488841267,1.1699759331025166,0.09675675675675675,0.045079622033671024,0.04,0.24,0.19999999999999998,0.08,1.0758018921792218,-0.027885289733075247,0.09220720720720721,0.04151012930835194,0.04,0.25,0.21,0.08,1.2386382526952562,0.874010509048833,0.0974924924924925,0.04963494497933334,0.04,0.27,0.23,0.08,1.219559079909499,0.45407240388680314,11.1,666,hit 5,10.0,11.1
0.692067901234568,0.6396007122544923,0.05,2.69,2.64,0.485,1.1591728849677363,0.4115839474479155,0.0,0.0,0,0,0,0.0,0.0,0.0,0.6213888888888889,0.5407658859721285,0.06,1.98,1.92,0.39,0.9065622703958502,-0.453158134502758,1.4686265432098766,1.2284760652954527,0.15,6.34,6.1899999999999995,1.29,1.450207301621277,2.0088431423490674,0.6586882716049384,0.44098243739866944,0.05,1.71,1.66,0.665,0.4257452277036927,-0.7319019498106294,0.6450462962962963,0.4909782661405984,0.06,1.86,1.8,0.51,0.6556772867660897,-0.8011884443345627,0.6060030864197531,0.4847879888334674,0.06,1.87,1.81,0.47,0.8740816896047923,-0.2791696644823678,0.6763117283950617,0.5099460301638321,0.05,1.97,1.92,0.595,0.7257333148261517,-0.3213295754487371,3.3826234567901228,3.0667305691074964,0.35,12.62,12.27,2.27,1.3411573676943789,1.2717337880258635,0.0,0.0,0,0,0,0.0,0.0,0.0,3.1217129629629623,2.78143180818298,0.32,12.03,11.709999999999999,2.355,1.535654671729742,1.9893468823581504,9.308070987654322,7.762689296497946,0.43,27.51,27.080000000000002,7.26,0.7395377945100415,-0.5810742578201595,3.1995524691358024,2.3163910833513075,0.39,9.69,9.299999999999999,3.1100000000000003,0.8395777714937018,0.24663172313593495,3.004938271604938,2.3518421197664106,0.41,10.35,9.94,2.395,1.1401590093576557,1.0799227355301682,3.002685185185185,2.665264029298003,0.3,11.36,11.059999999999999,2.205,1.3519559341441398,1.4683236764360625,3.5439814814814814,3.291529085614986,0.44,13.54,13.1,1.99,1.2924339724077571,1.1542448247108235,6.019382716049384,6.402486325523133,0.75,26.27,25.52,3.185,1.6814414159700177,2.077352922414735,0.0,0.0,0,0,0,0.0,0.0,0.0,6.08155864197531,6.270161388831734,0.9,25.24,24.34,3.18,1.5471786685226958,1.5557706164955807,13.15970679012346,10.546887323605564,1.91,40.07,38.160000000000004,9.065,1.017296114924964,-0.048644886600364146,5.705030864197531,5.179112638958647,0.8,22.77,21.97,4.65,1.698907321710194,2.5742123165761903,6.027577160493827,6.137954275112552,0.7,25.6,24.900000000000002,4.05,1.7845824457173078,2.568211649352115,5.591481481481481,5.571635409851015,0.69,23.04,22.349999999999998,3.27,1.6252956565060466,1.9341391461367197,5.969089506172839,5.5525531622387785,0.7,22.47,21.77,3.37,1.3193790698585721,0.975861424715394,3.133765432098765,3.515459787171151,0.39,13.88,13.49,1.3849999999999998,1.5699655043553917,1.3965369300826787,0.0,0.0,0,0,0,0.0,0.0,0.0,2.7967438271604936,2.536916683466173,0.41,10.29,9.879999999999999,1.49,1.3914900388961922,0.9278020438992876,6.882160493827159,5.084933890094197,1.21,20.46,19.25,4.965,0.6970704568837895,-0.7016983775841354,2.859135802469136,2.329444121805499,0.43,9.34,8.91,1.9249999999999998,1.1676443892878168,0.22447542653654162,2.8175154320987654,2.580500203073297,0.33,9.37,9.04,1.62,1.1979706971297253,0.047461364625772884,2.4871296296296297,2.384945396810331,0.39,9.34,8.95,1.37,1.3683105003538667,0.6552561341258101,3.0513117283950613,2.76415681222728,0.38,9.89,9.51,1.795,1.1380667049494309,-0.06906468265377708,0.15712962962962965,0.12328364845748122,0.05,0.59,0.5399999999999999,0.09,1.423113807440353,1.5147742107148803,0.0,0.0,0,0,0,0.0,0.0,0.0,0.1583179012345679,0.11981868393796945,0.04,0.55,0.51,0.1,1.3220063255099836,1.0537793004568918,0.3138425925925926,0.20152560307095851,0.07,0.96,0.8899999999999999,0.3,0.7583805582121547,-0.0460731905460654,0.15742283950617283,0.10194094831212244,0.05,0.47,0.42,0.13,1.1128754414368707,0.46462896669139075,0.1571604938271605,0.11538374458358418,0.05,0.52,0.47000000000000003,0.1,1.2298286977869939,0.6156406150319103,0.14683641975308642,0.10647081771052189,0.04,0.49,0.45,0.1,1.319736036999604,0.9401330702615884,0.16341049382716052,0.11890512114315333,0.04,0.52,0.48000000000000004,0.11,1.0616923607201727,0.06500296287267426,10.8,648,hit 6,10.0,10.8
0.7993750000000001,0.7419514162619396,0.08,2.99,2.91,0.41,0.8903850403198819,-0.3539688644797745,0.0,0.0,0,0,0,0.0,0.0,0.0,0.8811378205128204,0.8102482549111566,0.08,2.97,2.89,0.51,0.8255816275849215,-0.5307386235655893,1.008974358974359,0.8420710763206586,0.15,3.28,3.13,0.58,0.7856768371819491,-0.4927101478241611,0.7988782051282052,0.6923327106622603,0.07,2.41,2.3400000000000003,0.51,0.6226762521605708,-1.0223480738455804,0.8747115384615384,0.796501930924319,0.07,2.74,2.6700000000000004,0.46499999999999997,0.682508067886611,-0.9930370825270063,0.8301602564102566,0.7487198105392933,0.07,2.84,2.77,0.5,0.7433035088353585,-0.7609261871731219,0.8551121794871795,0.7634493323474028,0.08,2.51,2.4299999999999997,0.51,0.6701977458557199,-1.0096771781151368,3.33636217948718,2.5115275937503134,0.9,9.18,8.28,1.855,0.9215882893903315,-0.4664377211670465,0.0,0.0,0,0,0,0.0,0.0,0.0,3.8944230769230765,3.254812757620821,0.7,12.0,11.3,1.97,0.8973198721068951,-0.4946941598908414,4.68900641025641,3.4224477981319126,0.77,13.84,13.07,3.4450000000000003,0.9885041514575369,-0.1005139809040676,3.7029166666666664,3.075826655948362,0.72,12.13,11.41,1.99,1.131002833647299,0.3519038424562795,3.6402884615384616,3.10530430786183,0.58,12.64,12.06,1.795,1.017967358069534,0.0031193732117693607,3.610961538461538,2.816909506936269,0.74,10.07,9.33,1.88,0.757781172573935,-0.8561131043360337,3.486682692307693,2.644873788409969,0.68,8.77,8.09,1.9,0.6379671027147483,-1.1399175225931213,6.050544871794871,6.754699786448388,1.07,33.43,32.36,3.215,2.142453603317513,4.297562156542096,0.0,0.0,0,0,0,0.0,0.0,0.0,5.837115384615384,6.208748734408419,1.1,33.23,32.129999999999995,3.715,2.551247334167069,7.115347887773957,7.471426282051282,5.389802872926167,1.24,25.76,24.520000000000003,5.95,1.1075559213049282,1.2388625389645433,5.286971153846153,5.684681956750731,0.96,28.82,27.86,3.34,2.2357713495747347,4.800029274491115,5.725897435897436,5.647432163739406,0.57,27.99,27.419999999999998,4.23,1.9765200348900553,3.7845533957021917,5.540304487179487,5.831961700381355,0.98,31.72,30.74,3.6399999999999997,2.616707771506167,7.478763336699931,5.309278846153846,5.4566040179287665,0.89,30.8,29.91,3.73,2.717004280697039,8.330437658107677,3.385448717948718,4.452789857946955,0.36,22.89,22.53,1.5950000000000002,2.5917549610808086,6.9899058612562435,0.0,0.0,0,0,0,0.0,0.0,0.0,3.447451923076923,4.641828500444673,0.38,23.75,23.37,1.5150000000000001,2.5582856286350273,6.6401203270272,5.087580128205127,5.976425576726194,0.7,27.41,26.71,2.045,1.7526616008616605,2.3894042294836524,3.4533333333333336,4.831151733624315,0.34,25.98,25.64,1.5,2.858634017707506,8.737338281219765,3.8386538461538464,5.498434107926975,0.32,29.38,29.06,1.5750000000000002,2.9003737581529605,8.894615531383833,3.3074999999999997,4.5882174978289365,0.38,24.23,23.85,1.455,2.787195565616966,7.985216090885967,3.3571474358974362,4.6845749617364705,0.36,24.38,24.02,1.5,2.722989872547878,7.662121631187816,0.15982371794871794,0.1247513135124148,0.05,0.68,0.63,0.12,1.7972386265945302,3.2103043179722297,0.0,0.0,0,0,0,0.0,0.0,0.0,0.1605929487179487,0.12075126397335431,0.04,0.75,0.71,0.12,2.0249788727148905,5.177711381683711,0.2072596153846154,0.15825398618978345,0.05,0.88,0.83,0.17,1.8217465868597116,3.7881054802225913,0.1508173076923077,0.11291471215048623,0.04,0.67,0.63,0.11,1.9158205853375745,4.122847320122536,0.160224358974359,0.11845831899141662,0.05,0.7,0.6499999999999999,0.11,1.7504813259301626,3.4842469006436847,0.14889423076923075,0.11141823956567684,0.05,0.7,0.6499999999999999,0.11,2.2483318736713964,6.230553495790085,0.14616987179487181,0.1094018905936872,0.05,0.69,0.6399999999999999,0.11,2.2849396380663407,6.519200479193971,10.4,624,hit 7,9.0,10.4
1.1688137254901962,0.7666052926942862,0.11,3.4,3.29,1.165,0.5038251583456725,-0.4214954052305382,0.0,0.0,0,0,0,0.0,0.0,0.0,1.1069705882352943,0.6640224016327423,0.1,2.65,2.55,1.145,0.3003872739364128,-0.8410424272018848,1.667107843137255,1.2231974252970939,0.14,5.6,5.46,1.545,0.8859269763226257,0.3214883662079391,1.1453725490196078,0.7518984532732549,0.11,3.56,3.45,1.13,0.927011633136817,1.1000281482564538,1.238343137254902,0.8660047231239413,0.11,4.38,4.27,1.26,1.1198164401422297,1.677962816127644,1.1145588235294117,0.711532990614397,0.12,3.39,3.27,1.13,0.7682761880841927,0.660648622988584,1.0928725490196078,0.6997377073649201,0.12,3.16,3.04,1.1,0.7012987262796057,0.28019127606458527,4.8876372549019615,2.9723758609681017,0.4,12.48,12.08,4.67,0.38816701057940783,-0.5126050917711407,0.0,0.0,0,0,0,0.0,0.0,0.0,5.273735294117646,3.145761712252567,0.48,12.78,12.299999999999999,4.98,0.3137254500172713,-0.6321669893856527,9.101323529411765,7.033415066019354,0.43,34.21,33.78,9.15,1.2816053058297041,2.191075446433589,4.891764705882354,2.9578114046910966,0.46,12.37,11.909999999999998,4.92,0.4615476859579779,-0.28617939432674344,5.293931372549019,3.3112555151409864,0.41,13.77,13.36,5.305,0.37974967961761485,-0.6100764428609708,5.031049019607843,3.0151434569999354,0.49,11.94,11.45,5.025,0.3701549746433252,-0.4984834108093348,4.69613725490196,2.867584900352636,0.49,11.87,11.379999999999999,4.29,0.4709329987462212,-0.4305491245798696,8.81293137254902,7.16516693512716,0.74,36.45,35.71,8.24,1.835516855140176,4.233066042238535,0.0,0.0,0,0,0,0.0,0.0,0.0,7.483088235294118,4.276165494536225,0.58,16.97,16.39,6.895,0.32434732766577007,-0.797130531375732,12.17550980392157,8.360720632487748,1.06,36.81,35.75,11.51,0.6545459403735845,-0.19157675946647545,6.8881274509803925,3.8071698697981544,0.63,15.88,15.25,6.54,0.32132118023856426,-0.7022388518490423,8.008598039215686,4.646103403425811,0.73,20.24,19.509999999999998,7.41,0.44081200675143506,-0.4428173984017243,6.8648725490196085,3.744267490663589,0.75,16.15,15.399999999999999,6.525,0.23256170953945532,-0.9775537050901506,6.8471568627450985,3.8605272455003092,0.82,14.91,14.09,5.885,0.27088077893331874,-1.0837005799216843,4.37471568627451,3.874620474946723,0.66,18.38,17.72,3.605,2.1900676797514733,4.915159237286202,0.0,0.0,0,0,0,0.0,0.0,0.0,3.8861176470588235,2.8258556375513972,0.57,11.92,11.35,3.2350000000000003,1.1570144329482361,0.574373889255638,7.251911764705883,6.7951843171384985,0.47,33.76,33.29,5.875,2.1617867022128463,5.106919355086033,3.6171764705882348,2.3706488820402813,0.65,9.4,8.75,2.955,0.7728024019778393,-0.49991130438375153,4.109392156862745,2.654033984653371,0.6,11.8,11.200000000000001,3.2350000000000003,0.9193835354462941,0.03921058129399446,3.5560196078431376,2.3772958717898973,0.63,10.29,9.659999999999998,2.81,0.9312085625143551,0.03097478052500513,3.5319901960784317,2.2644435676673655,0.63,10.24,9.61,2.915,1.1110442407693184,0.631885399757639,0.20644117647058827,0.1192097856045981,0.06,0.75,0.69,0.19,1.3906882994994043,2.7541639315424606,0.0,0.0,0,0,0,0.0,0.0,0.0,0.1836666666666667,0.08474800530401577,0.06,0.45,0.39,0.16,0.6164054075701402,-0.4543411013897103,0.32219607843137255,0.2205935449084214,0.05,1.28,1.23,0.29,1.3925316173130233,2.4364985961138355,0.18372549019607845,0.08026356936052347,0.06,0.41,0.35,0.17,0.3282602050674028,-0.8890763885857615,0.20533333333333334,0.10158598395487994,0.06,0.55,0.49000000000000005,0.19,0.5958332094373633,-0.34356040767655704,0.1786862745098039,0.07922985286944915,0.06,0.4,0.34,0.16,0.408007270544719,-0.8341966138798713,0.1821274509803922,0.0831877373069245,0.06,0.39,0.33,0.16,0.47930726706177046,-0.8601960244246456,17.0,1020,hit 8,10.0,17.0
0.9147897897897898,0.7078473355760131,0.11,3.22,3.1100000000000003,0.735,1.5009787682740545,1.6000744626405399,0.0,0.0,0,0,0,0.0,0.0,0.0,0.7937237237237237,0.67887142654718,0.1,2.98,2.88,0.58,1.7444297047138986,2.1219523513638756,3.041996996996997,2.9908071292213902,0.15,12.47,12.32,1.8250000000000002,1.8257896663886952,2.1487426359856427,0.7332732732732733,0.528951103194163,0.1,2.22,2.12,0.55,1.2604659403042038,0.7118196826847041,0.8789189189189189,0.6802461094014592,0.09,2.93,2.8400000000000003,0.725,1.5037863204009772,1.6030122280512784,0.732102102102102,0.5642607207559779,0.09,2.43,2.3400000000000003,0.53,1.4331839994040343,1.2034310885944373,0.7517267267267268,0.6029098790050642,0.11,2.49,2.3800000000000003,0.51,1.5779243358972364,1.4405384376821924,3.8038888888888893,2.1819885487173165,0.51,9.04,8.53,3.14,0.8080519290171313,-0.4716626997267359,0.0,0.0,0,0,0,0.0,0.0,0.0,3.5061411411411414,2.2888278455063,0.78,11.04,10.26,2.675,1.5938911342053952,2.06024444884804,15.012192192192193,21.083727666850656,0.53,91.57,91.03999999999999,7.25,2.6345664911551157,5.9007052652264935,3.1320720720720723,1.8914524555986827,0.67,9.82,9.15,2.76,1.9953346743293583,3.8231736948741797,3.515165165165165,1.8389083194291969,0.77,8.6,7.83,2.9850000000000003,1.1137505215523171,0.37429011822187697,3.4659759759759763,2.3361016996915347,0.76,11.6,10.84,2.72,1.8192868455237676,3.0181339867122543,3.373003003003003,2.0918660928383797,0.76,9.9,9.14,2.83,1.637223439535589,2.248714096901694,7.690795795795795,4.999352872141836,1.32,21.13,19.81,6.455,1.049702558608942,0.20070861621503688,0.0,0.0,0,0,0,0.0,0.0,0.0,6.216486486486487,3.7457280686775385,1.31,17.35,16.040000000000003,5.45,1.287680969587657,1.3634139183798122,22.184174174174178,19.778514027513168,1.87,87.45,85.58,13.53,1.8165059557469219,2.66195583600819,5.8785585585585585,3.2863218958788343,1.28,15.69,14.41,5.55,1.4813752076375446,2.3455850419357627,6.899699699699699,4.111947847146659,1.19,17.72,16.529999999999998,5.75,0.9002523533192448,0.13176448384111694,6.204714714714715,3.805182535571222,1.33,17.69,16.36,5.42,1.3673489840582502,1.7114661978589365,6.108243243243243,3.940920858113835,1.4,18.87,17.470000000000002,5.59,1.7939806267491052,3.186515034567854,4.518063063063063,3.0032179236227514,0.9,12.34,11.44,4.15,1.0611088006580898,0.40018126474180526,0.0,0.0,0,0,0,0.0,0.0,0.0,3.085075075075075,2.1652308030428262,0.65,10.31,9.66,2.48,1.6659903905530704,2.5466753107092823,11.396246246246246,10.19539502534013,0.86,44.86,44.0,6.61,1.7309036755217102,2.2823478571956417,3.2070870870870873,2.1469592236914767,0.56,9.81,9.25,2.795,1.2384203798017168,1.184222160084834,3.7951201201201203,2.390334622936632,0.61,10.69,10.08,3.2,1.1788984537844702,0.9795737758549361,3.409549549549549,2.25781645293304,0.66,10.69,10.03,2.79,1.2498436953589527,1.259784603074173,3.472972972972973,2.2883480969472885,0.63,10.85,10.219999999999999,2.915,1.316953256328393,1.6542854763514518,0.18319819819819821,0.08759173784154538,0.07,0.52,0.45,0.15,1.2253351887850783,1.2017187568420815,0.0,0.0,0,0,0,0.0,0.0,0.0,0.15273273273273272,0.064974563286916,0.06,0.33,0.27,0.13,1.2632251087413189,0.5809029227800666,0.5347897897897899,0.433937420682438,0.08,2.33,2.25,0.35,1.79696126480326,2.5624398464676523,0.14385885885885885,0.06383463990835754,0.06,0.35,0.29,0.12,1.395017650640116,0.9735498096160176,0.17111111111111113,0.07580522903163087,0.06,0.37,0.31,0.14,0.8664614162736547,-0.40237733683294596,0.14596096096096095,0.06520799555413391,0.06,0.34,0.28,0.13,1.2385725849075129,0.5365344216462731,0.15175675675675673,0.07188592251987329,0.06,0.39,0.33,0.13,1.4709577071397462,1.390030067821432,11.1,666,hit 9,8.0,11.1
1.1305555555555555,1.193979436748969,0.12,5.03,4.91,0.595,1.942762288930798,3.006494372872002,0.0,0.0,0,0,0,0.0,0.0,0.0,1.1387500000000002,1.2825394635880178,0.1,5.25,5.15,0.6,2.1055016707412766,3.6094799370397452,2.6865972222222223,1.7633871673794455,0.28,7.52,7.239999999999999,2.435,0.6694969266125254,-0.08633477412386137,1.145902777777778,1.1631343518430433,0.1,4.74,4.640000000000001,0.65,1.8572648244607146,2.8064182626262038,1.1056666666666668,1.249377302479091,0.1,5.02,4.92,0.595,1.987192222496132,3.0972684730237794,1.1444305555555556,1.3102937734109357,0.09,5.36,5.2700000000000005,0.605,2.120859915758023,3.708020498124178,1.1015555555555554,1.2179583784563353,0.09,4.97,4.88,0.67,2.0443162249398332,3.437864931836042,3.778236111111111,2.5314302608040538,0.3,11.32,11.02,3.365,0.9627818132029318,0.5360571909697533,0.0,0.0,0,0,0,0.0,0.0,0.0,3.9178055555555558,3.2053046984186757,0.29,14.9,14.610000000000001,3.1550000000000002,1.851225985904252,3.498007563121796,11.158083333333334,6.266405001922744,1.93,25.82,23.89,10.315000000000001,0.5566816087737149,-0.5698205027910133,3.941388888888889,3.2932635780622315,0.35,14.88,14.530000000000001,2.89,1.766284852144985,2.993713961954007,4.408027777777778,3.9617925586016534,0.4,18.71,18.310000000000002,3.295,2.1887949654614918,4.523001741926159,3.8541527777777773,3.3419039827253916,0.33,15.97,15.64,2.995,2.126021689285527,4.409979274984517,3.9650138888888886,3.5800303803384392,0.31,16.72,16.41,2.93,2.0497186875194933,4.094802539806555,5.354902777777778,4.120656130355652,0.73,16.98,16.25,3.51,1.1712075219916331,0.621405464379778,0.0,0.0,0,0,0,0.0,0.0,0.0,4.747805555555556,4.188710791930996,0.84,18.97,18.13,3.0,1.8118010075000408,2.8158770090419165,20.355736111111113,15.132495959019362,2.17,73.02,70.85,19.595,1.6107579666746623,3.0051975533432773,4.775569444444445,3.930252722470462,0.84,17.69,16.85,3.2649999999999997,1.5528427007546721,1.973739766672875,6.418027777777777,4.462346189842671,0.76,19.01,18.25,5.765000000000001,0.8616818123005415,0.3561526835346758,4.909416666666666,4.115872116014111,0.82,18.45,17.63,3.46,1.6806325990104807,2.4273484873302675,4.640236111111111,3.9942711861576203,0.83,18.09,17.26,3.005,1.6907240494956963,2.451191861158071,3.6649999999999996,3.896136597891527,0.53,18.14,17.61,2.7649999999999997,2.4293622000981765,5.356892311074745,0.0,0.0,0,0,0,0.0,0.0,0.0,3.6048333333333336,3.6738111585072986,0.47,16.68,16.21,2.61,2.284391521473991,4.682999126659448,10.600319444444445,7.649306224190751,1.06,35.14,34.08,9.795,0.943847666257566,0.6617237831743368,3.6995,3.62880172714978,0.6,16.59,15.99,2.58,2.2016558186542965,4.437938514440903,3.2347361111111113,2.0078210602787547,0.68,9.4,8.72,2.475,1.1648916903801083,0.9226667262439467,3.596347222222222,3.7395786195785434,0.56,16.96,16.400000000000002,2.295,2.2314630557996096,4.497004238343562,3.622638888888889,3.479451379171069,0.55,15.4,14.85,2.28,2.0237316012364173,3.615869303469578,0.15894444444444444,0.09803775618646919,0.06,0.54,0.48000000000000004,0.12,1.6759221170522627,2.32267979118383,0.0,0.0,0,0,0,0.0,0.0,0.0,0.15480555555555556,0.10537681757665598,0.06,0.57,0.51,0.12,1.7505336485105905,2.3021880038564375,0.4501388888888889,0.2781830230497346,0.1,1.27,1.17,0.38,1.0369782146170814,0.3160685488131305,0.15740277777777778,0.1034094928861803,0.06,0.59,0.53,0.12,1.679537277165568,2.3096527252420818,0.1837638888888889,0.1038192760896368,0.06,0.59,0.53,0.15,1.2579828830370607,1.074625823216803,0.15556944444444443,0.10408062649662593,0.06,0.58,0.52,0.11,1.7907907209212164,2.7186887278020824,0.1600138888888889,0.10997723788460753,0.06,0.6,0.54,0.12,1.716884502916866,2.18129466406744,12.0,720,hit 10,9.0,12.0
0.08666666666666667,0.01677202471403289,0.07,0.12,0.04999999999999999,0.08,0.7864734085474014,-0.6357272467917667,0.0,0.0,0,0,0,0.0,0.0,0.0,0.08619047619047618,0.00986553027325901,0.07,0.1,0.03,0.09,-0.10862052172204344,-0.9624646134392041,0.13285714285714287,0.022446219116217334,0.09,0.18,0.09,0.13,-0.1586087151992362,-0.13973955029205332,0.08714285714285712,0.009947597892594603,0.07,0.1,0.03,0.09,-0.16247110111896104,-1.0206361680374791,0.08904761904761903,0.009578819065031136,0.07,0.1,0.03,0.09,-0.501634205481628,-0.6370081964182335,0.08095238095238094,0.009320714881387379,0.06,0.1,0.04000000000000001,0.08,-0.7657889577775489,0.6313126241484195,0.07857142857142858,0.007830966850386143,0.06,0.09,0.03,0.08,-0.6987120509673912,0.6278980252701913,1.810952380952381,0.10524789607559447,1.58,1.95,0.3699999999999999,1.8250000000000002,-0.7282766961913122,-0.3423290498723377,0.0,0.0,0,0,0,0.0,0.0,0.0,0.46904761904761905,0.09228295627353429,0.33,0.65,0.32,0.49,0.029837780895121572,-0.9738072709559327,0.9461904761904762,0.31971750015769357,0.54,1.35,0.81,0.925,0.07565812913277216,-1.7620161730607595,0.5123809523809525,0.08970981738726379,0.35,0.66,0.31000000000000005,0.55,-0.7249565354514375,-0.6045353570059318,0.49380952380952375,0.09284007705234192,0.38,0.7,0.31999999999999995,0.48,0.5282813360472902,-0.717258899783574,0.47285714285714286,0.07365992107058923,0.37,0.64,0.27,0.45,0.7766459645981788,-0.3307948463973882,0.4928571428571428,0.09363358044398164,0.34,0.67,0.33,0.51,-0.11655265278607879,-0.9275460384752634,1.4647619047619047,0.07737265210553641,1.31,1.56,0.25,1.48,-0.37148654580588103,-1.2817125858928862,0.0,0.0,0,0,0,0.0,0.0,0.0,1.3123809523809524,0.08527743886608374,1.16,1.41,0.25,1.335,-0.5238872087256833,-1.17963748811485,1.091904761904762,0.10879020076114043,0.94,1.24,0.30000000000000004,1.0750000000000002,0.02519804583476608,-1.7715337099470139,1.4157142857142857,0.09001741991693464,1.26,1.52,0.26,1.43,-0.34264093860094513,-1.3678175618295934,1.4597619047619048,0.09045921046117417,1.31,1.57,0.26,1.47,-0.26264343661189243,-1.4709168777398631,1.4195238095238094,0.07129301888145236,1.3,1.52,0.21999999999999997,1.42,-0.06221463472941944,-1.553140806181618,1.3492857142857144,0.08648679180542207,1.2,1.45,0.25,1.36,-0.31708714629537277,-1.3837084216673226,0.39261904761904765,0.031781228069529245,0.34,0.45,0.10999999999999999,0.38,0.6245697812902089,-0.7776386623474552,0.0,0.0,0,0,0,0.0,0.0,0.0,0.42142857142857143,0.0384816350605558,0.37,0.48,0.10999999999999999,0.41,0.4924090635061295,-1.2559632123502797,0.6880952380952381,0.04934883769299177,0.6,0.78,0.18000000000000005,0.68,0.4562054885000041,-0.8798966536452522,0.44785714285714284,0.04886695298539346,0.39,0.52,0.13,0.44,0.21261852976735113,-1.620957236800452,0.44904761904761914,0.02573879332831431,0.4,0.49,0.08999999999999997,0.45,-0.18677364278205313,-1.0672330148550464,0.4052380952380953,0.031253338962155576,0.35,0.45,0.10000000000000003,0.4,0.2706697718372947,-1.1913421626678047,0.39595238095238094,0.028461315106780172,0.35,0.45,0.10000000000000003,0.38,0.3588728699416381,-1.0972517523378706,0.0688095238095238,0.00503760538950749,0.06,0.08,0.020000000000000004,0.07,-0.24302346020513946,0.9452769015671865,0.0,0.0,0,0,0,0.0,0.0,0.0,0.06785714285714287,0.00415299732236633,0.06,0.07,0.010000000000000009,0.07,-1.444739674568653,0.0891996891996949,0.07095238095238095,0.0053234519378184,0.06,0.08,0.020000000000000004,0.07,0.10932139895551826,0.6765915386682688,0.06666666666666668,0.004771187236136984,0.06,0.07,0.010000000000000009,0.07,-0.7335700375560666,-1.537499999999994,0.06785714285714287,0.00415299732236633,0.06,0.07,0.010000000000000009,0.07,-1.444739674568653,0.08919968919969445,0.06476190476190477,0.005054867366041318,0.06,0.07,0.010000000000000009,0.06,0.09891456368548615,-2.0922902097902103,0.06690476190476191,0.004679011380933331,0.06,0.07,0.010000000000000009,0.07,-0.8548814427551414,-1.3351560905937536,0.7,42,hit 2,9.0,9.0
2.258,0.43744970818485096,1.27,3.1,1.83,2.14,0.20430549655586352,-0.6373997675397485,0.0,0.0,0,0,0,0.0,0.0,0.0,1.458,0.4619139469446906,0.69,2.07,1.38,1.51,-0.43129394286139605,-1.207864639321436,2.4591111111111106,0.9038713794902862,1.05,3.94,2.8899999999999997,2.73,-0.26668772877426455,-1.2691594964386044,1.4431111111111115,0.4263264678371809,0.71,1.99,1.28,1.53,-0.5021621716880939,-1.1126174910799964,1.6041111111111113,0.5808863712290472,0.87,2.72,1.85,1.475,0.3614945684120793,-1.219763030480212,1.5699999999999998,0.45760244754590196,0.75,2.18,1.4300000000000002,1.69,-0.64524052924143,-0.9929221660350596,1.3708888888888888,0.39715744039288214,0.69,2.02,1.33,1.44,-0.46979368367035446,-0.93759530840858,11.475888888888887,2.599268650140938,4.24,15.45,11.209999999999999,11.96,-0.9756283468430669,0.8935302138320194,0.0,0.0,0,0,0,0.0,0.0,0.0,4.78811111111111,2.0604111591667755,2.37,8.78,6.409999999999999,4.24,0.7549224129677833,-0.651417853337616,20.496666666666666,1.0458972815699952,18.58,22.62,4.040000000000003,20.53,-0.07869951021264292,-0.30795800560731434,5.512,1.7235286511212846,2.44,8.09,5.65,5.57,-0.21916526434398192,-0.9004349922807537,7.975888888888888,2.336293951051077,3.57,12.14,8.57,7.665,0.12777952967797054,-0.6117569718030191,5.857777777777779,2.1180432870441432,2.53,10.02,7.49,5.720000000000001,0.3444567370795628,-0.6825663322331961,4.449666666666667,1.6909012622420285,2.28,7.69,5.41,4.135,0.6290963416894753,-0.6943712332727374,23.295777777777776,11.9562120544776,4.95,41.98,37.029999999999994,23.990000000000002,0.11206355157106658,-1.2368490091892506,0.0,0.0,0,0,0,0.0,0.0,0.0,6.978777777777777,1.9259585839047408,2.71,9.36,6.6499999999999995,7.824999999999999,-0.8185555842242519,-0.503174473392876,21.99888888888889,6.1115461631545855,10.3,34.59,24.290000000000003,22.085,0.2398852133031792,-0.39946763726016954,7.287222222222221,2.102712014335525,2.82,10.13,7.3100000000000005,7.965,-0.5479476134304264,-0.7892697311959873,12.889666666666667,8.34490188846399,3.47,30.25,26.78,10.635000000000002,0.9331611519048629,-0.345032783493898,7.706666666666667,1.9843018753668178,2.95,10.69,7.739999999999999,8.115,-0.8109983300181194,0.02905407948219585,9.258555555555555,3.3317021870465906,3.17,13.27,10.1,9.04,-0.1955541788326144,-1.3875271483910931,13.979444444444445,4.228227870378463,3.97,19.5,15.53,14.74,-0.8615595411460867,-0.1733181098269556,0.0,0.0,0,0,0,0.0,0.0,0.0,6.955666666666665,2.1806441940682566,2.93,10.0,7.07,7.300000000000001,-0.28200069418743795,-1.2992662206115992,9.597555555555557,2.1915534027496615,6.03,15.79,9.759999999999998,9.51,0.9708747005060825,0.8827183811120727,6.729111111111113,1.8088308002464188,3.04,9.14,6.1000000000000005,7.095000000000001,-0.3809055257625007,-1.2017927219959565,6.5761111111111115,1.7481223920618276,2.48,9.15,6.67,7.24,-1.0940892260795267,0.017942029614578914,8.667333333333334,2.2138338295181734,3.13,11.17,8.04,9.115,-0.8759427272720888,-0.09441850149260089,6.92288888888889,1.7493499559592076,2.94,9.3,6.360000000000001,7.28,-0.5400519357444934,-0.8205303053649562,0.5368888888888889,0.11949937186092674,0.27,0.77,0.5,0.51,0.3182131289155544,-0.536354613235738,0.0,0.0,0,0,0,0.0,0.0,0.0,0.2104444444444444,0.025743379692699575,0.15,0.26,0.11000000000000001,0.21,-0.24022401688472453,-0.5985371205429542,0.4854444444444444,0.11317840258408687,0.3,0.71,0.41,0.485,0.10107778645751449,-1.1463410295307201,0.1986666666666666,0.021157515199999317,0.15,0.24,0.09,0.2,-0.2941414547635314,-0.6276038020786836,0.39966666666666667,0.1600452885342848,0.16,0.69,0.5299999999999999,0.36,0.4179017652731393,-1.107453361877262,0.23755555555555558,0.026954439759000706,0.16,0.29,0.12999999999999998,0.24,-0.8253104466221431,0.48218248228875815,0.224,0.028276325111261415,0.15,0.28,0.13000000000000003,0.22,-0.16248616854043774,-0.5768652462842074,1.49,90,hit 4,9.0,12.0
2.10824,0.45548461253709166,1.35,3.1,1.75,2.02,0.500068578897236,-0.5454384885532977,0.0,0.0,0,0,0,0.0,0.0,0.0,1.50304,0.392498662418103,0.69,2.07,1.38,1.58,-0.7697887282031095,-0.32689082301918093,2.5424799999999994,0.7827872615048059,1.05,3.94,2.8899999999999997,2.72,-0.5049671280168702,-0.6115426821646159,1.48616,0.36302666746442,0.71,1.99,1.28,1.56,-0.8496742329148034,-0.17422673164074087,1.67456,0.4994166015817695,0.87,2.72,1.85,1.75,0.03709166925406426,-0.8079275113761017,1.5880000000000003,0.3838976678163579,0.77,2.18,1.4100000000000001,1.63,-0.8368014286145448,-0.09753993046189313,1.3829599999999997,0.33341590805169374,0.69,2.02,1.33,1.4,-0.6131603468016803,-0.04079798636889054,10.25264,2.987240377165477,4.51,15.45,10.94,10.79,-0.11466898491927491,-1.2044072977550844,0.0,0.0,0,0,0,0.0,0.0,0.0,6.3412,3.074992420656801,2.37,13.01,10.64,5.43,0.40705856863949613,-1.065881519131624,18.69368,3.1346429379415928,10.46,22.62,12.16,20.29,-0.9793430413212032,-0.2884454623084527,6.688720000000001,2.5085222407341865,2.44,13.03,10.59,6.61,0.4316425283383501,-0.08539197345359684,7.424720000000001,2.1812180586440317,3.67,12.14,8.47,7.15,0.6687824148365216,-0.2674219518134997,7.606720000000001,3.370063600433639,2.58,15.44,12.86,6.78,0.4577696905466683,-0.7085141023703168,5.779759999999999,2.632695927212501,2.28,11.78,9.5,4.9,0.5104665889260299,-0.7744528678346922,25.9164,10.939596280219556,5.16,41.98,36.81999999999999,27.66,-0.3527273241833817,-0.9764901270100417,0.0,0.0,0,0,0,0.0,0.0,0.0,7.1788799999999995,1.6551655291940617,2.79,9.4,6.61,7.59,-1.044742853718813,0.4702914595013379,25.413200000000003,7.2689697987736785,10.69,34.94,24.25,23.58,-0.199192348461384,-1.2223294946317746,7.818079999999999,1.9298816176295677,2.92,10.13,7.210000000000001,8.2,-0.9506777032054259,-0.0232320045059784,16.846240000000005,9.367339249720533,3.55,30.25,26.7,14.19,0.06934047847292914,-1.6007428228583265,8.510159999999999,2.017102674630124,3.08,10.77,7.6899999999999995,8.82,-1.0225311952517564,0.37398653103324175,9.717360000000001,2.8812973511608364,3.29,13.27,9.98,10.15,-0.5375283658601119,-0.7984034983112256,13.727520000000002,3.6492802330534766,4.23,19.5,15.27,14.42,-0.6643137591633094,0.04017185458037886,0.0,0.0,0,0,0,0.0,0.0,0.0,5.64544,2.8110141964962088,1.95,10.0,8.05,5.57,0.08366447608274809,-1.5160037142826523,11.69136,3.8194340367769573,6.03,18.78,12.75,10.11,0.5092145138833843,-1.1454314774670853,5.610480000000001,2.379813240164975,2.16,9.14,6.98,5.54,0.0018875323843866134,-1.5110379188782554,7.1692800000000005,1.6957300150292107,2.57,9.35,6.779999999999999,7.57,-1.3106383452521118,0.9926367108963698,7.937120000000001,2.2318232876051756,3.34,11.17,7.83,7.69,-0.06974369780043942,-1.236071406668112,5.890560000000001,2.2395417532424196,2.7,9.3,6.6000000000000005,6.01,-0.012261208568981654,-1.5289424704133312,0.5201600000000002,0.11064316371750835,0.29,0.77,0.48000000000000004,0.5,0.6311865349289699,-0.30500527401340793,0.0,0.0,0,0,0,0.0,0.0,0.0,0.21584000000000006,0.025405866734203916,0.15,0.28,0.13000000000000003,0.21,-0.026059578607990054,-0.09542024688046435,0.47264,0.09967806242615403,0.31,0.71,0.39999999999999997,0.47,0.45237027530956403,-0.6559166506088401,0.2116,0.02891589584048996,0.15,0.3,0.15,0.21,0.39315640263009766,0.09988315416288973,0.37263999999999997,0.14336477274601364,0.17,0.69,0.5199999999999999,0.33,0.8898587859861348,-0.353092759905937,0.24496000000000007,0.02541982969918335,0.16,0.3,0.13999999999999999,0.25,-0.8559700406847245,0.7715436268474369,0.22248000000000004,0.026140316161673678,0.16,0.28,0.12000000000000002,0.22,0.09850745405147844,-0.8346380152896962,2.08,125,hit 6,10.0,12.0
0.29455555555555557,0.31681205803079304,0.06,1.34,1.28,0.13,1.643481870854468,1.4098018171591367,0.0,0.0,0,0,0,0.0,0.0,0.0,0.26576666666666665,0.2883356617513646,0.07,1.27,1.2,0.11,1.743329446203571,1.9815694683902807,0.29120000000000007,0.311116086264226,0.07,1.28,1.21,0.12,1.5209446015808876,0.9010255749284393,0.26311111111111113,0.2851471311744282,0.06,1.24,1.18,0.11,1.7148221239892214,1.8452101046505707,0.29797777777777784,0.33251614253312856,0.06,1.43,1.3699999999999999,0.11,1.5038478574127927,0.9514260776409595,0.3022555555555556,0.34168287507789,0.06,1.25,1.19,0.11,1.4043961360267943,0.4329867855330547,0.2857111111111111,0.3218036020224543,0.06,1.35,1.29,0.11,1.621197174357237,1.4111040166978004,1.7784333333333333,1.5796319994274388,0.32,6.19,5.87,1.12,1.6439857513657739,1.5022741610430348,0.0,0.0,0,0,0,0.0,0.0,0.0,1.4319444444444445,1.3846404773939054,0.26,6.26,6.0,0.84,1.8342518050452594,2.714299708390116,1.5862444444444443,1.648233120864392,0.31,7.46,7.15,0.835,2.1457438736017127,4.0816771094300766,1.4303555555555558,1.377736002253184,0.26,6.11,5.8500000000000005,0.83,1.7938334772276248,2.4761115440813333,1.7264555555555559,1.9902144906575734,0.24,8.43,8.19,0.805,1.8707934460317681,2.5826248792401367,1.707122222222222,1.9299667291695464,0.25,7.74,7.49,0.8,1.7184953328030401,1.6993087708945707,1.5925777777777779,1.7111211253513097,0.27,7.32,7.050000000000001,0.78,1.8098251462251373,2.3855194949215957,2.6540666666666666,2.6688104018584484,0.61,11.94,11.33,1.58,2.234668631402322,4.233589121229171,0.0,0.0,0,0,0,0.0,0.0,0.0,2.140877777777778,1.5457932459545358,0.56,7.13,6.57,1.47,1.358231727686996,0.6978878950558318,2.357222222222222,2.308954435366833,0.72,10.96,10.24,1.37,2.401682196266134,5.329939832996218,2.0878,1.5589108188237089,0.5,7.02,6.52,1.415,1.3092877636144418,0.5115347858058907,2.6415999999999995,2.4485244463563958,0.46,9.46,9.0,1.52,1.4355286700225416,0.7624977781880595,2.3841222222222225,2.4459098924434617,0.6,9.85,9.25,1.18,1.737981034601107,1.9662309804137506,2.299977777777778,2.0204611857909085,0.53,8.37,7.839999999999999,1.37,1.3750720700485946,0.5382078601250968,1.4968111111111113,1.7087539280213055,0.32,8.02,7.699999999999999,0.77,2.549366186675483,5.986956530488659,0.0,0.0,0,0,0,0.0,0.0,0.0,1.0497333333333334,0.7600805940523346,0.25,3.99,3.74,0.79,1.909439427611605,3.4050685138824814,1.4263333333333335,1.6985650883284094,0.35,8.3,7.950000000000001,0.79,2.833540906920442,7.384477168536933,1.0643111111111112,0.7810807042919631,0.24,4.11,3.87,0.815,1.946566994723378,3.552570093393805,1.3809444444444443,1.3284264769212264,0.27,5.74,5.470000000000001,0.915,1.8298121025279033,2.246270945567857,1.2715333333333334,1.2747553513455845,0.26,5.75,5.49,0.78,2.0950779722067403,3.6426623740348223,1.1210777777777778,0.9173411878360781,0.25,4.64,4.39,0.8,1.9157229963761564,3.3476063203074675,0.10066666666666668,0.057707405115087235,0.05,0.39,0.34,0.08,2.635774411745756,7.958795843201259,0.0,0.0,0,0,0,0.0,0.0,0.0,0.08627777777777779,0.031241115409871307,0.05,0.2,0.15000000000000002,0.08,1.6345069122399083,2.373090450743682,0.09401111111111113,0.04844890992652819,0.05,0.36,0.31,0.08,2.9687088094428957,10.278864517819475,0.08607777777777778,0.030969764500032807,0.05,0.2,0.15000000000000002,0.08,1.6423352596823015,2.4341105567889336,0.09385555555555557,0.04349218054868026,0.05,0.28,0.23000000000000004,0.08,1.9211872519112891,3.3292095950203775,0.09361111111111113,0.044486489042507404,0.05,0.28,0.23000000000000004,0.08,1.768687732750718,2.667168660037081,0.08940000000000001,0.037083257197890455,0.05,0.23,0.18,0.08,1.736375727585595,2.5515306104584745,15.0,900,hit 7,10.0,15.0
1.0952395833333333,0.9620882011945807,0.12,4.1,3.9799999999999995,0.745,1.6010482253122567,1.762644206902248,0.0,0.0,0,0,0,0.0,0.0,0.0,1.0807187499999997,0.9647249707017082,0.1,4.19,4.090000000000001,0.795,1.7277756228542918,1.9542725669244163,1.7699166666666668,1.6999693284767101,0.12,8.94,8.82,1.09,1.7681977402124929,3.081748644920501,1.0885104166666666,0.9522954923721515,0.1,4.26,4.16,0.77,1.6746881186063365,1.9099526881190467,1.1186770833333335,0.9404397502075401,0.08,4.45,4.37,0.9,1.67425504772773,2.284714592634434,1.0533645833333332,0.8642513395357246,0.09,3.82,3.73,0.82,1.6141202089656466,1.8131709311388526,1.09359375,0.9391529371603728,0.1,4.14,4.04,0.83,1.7350895824967165,2.139516263596878,5.152510416666667,5.27582404397238,1.0,26.37,25.37,2.935,2.3452584506945953,5.515775678039669,0.0,0.0,0,0,0,0.0,0.0,0.0,4.6502083333333335,3.891567493725423,0.75,19.34,18.59,3.24,1.935824396920572,3.9567559536739347,8.181052083333334,7.44997520745228,1.36,30.96,29.6,5.0,1.2811083019091396,0.635656418125683,4.8055625,4.809548429550736,0.8,23.25,22.45,2.79,2.318493505610821,5.265108752152785,4.671354166666666,3.9714781408351896,0.76,19.5,18.74,3.32,1.936958871117727,3.766903479092961,4.533447916666666,4.106664855201438,0.84,20.48,19.64,2.815,2.194339792182346,4.911508168723382,4.523197916666667,3.8481335050618766,0.74,18.81,18.07,3.08,1.9868782845176078,3.9770953891770304,7.776885416666667,8.702170751886593,1.35,43.04,41.69,4.785,2.4410623024550113,5.381306172850938,0.0,0.0,0,0,0,0.0,0.0,0.0,7.165885416666667,6.765661678140679,1.27,32.76,31.49,5.135,2.1020709867227905,3.9444183147413776,11.58909375,9.322882984596902,1.29,36.95,35.660000000000004,8.66,1.1430769161616514,0.37199678161030825,7.563802083333333,8.215948123540768,1.28,38.67,37.39,4.905,2.3842364172352535,4.947369245342043,8.350114583333333,9.248580032903522,1.51,39.94,38.43,4.67,2.1655056856937183,3.733653951868308,6.824333333333334,6.368281720223009,1.4,29.86,28.46,4.52,2.117451424063667,3.7795758976069287,7.3236875,7.86752988109196,1.37,35.88,34.510000000000005,4.41,2.3024156484775733,4.369358824505837,4.20371875,3.492150325187102,0.62,13.01,12.39,2.9400000000000004,0.9939909095978321,-0.27990880915675476,0.0,0.0,0,0,0,0.0,0.0,0.0,4.201135416666667,3.9796906024640673,0.59,15.97,15.38,2.89,1.562168957381713,1.55291345930019,6.210708333333333,5.894976168169651,0.81,26.57,25.76,3.59,1.6078045911685173,1.9295067770248018,3.6257604166666666,2.729313557890426,0.58,10.31,9.73,2.8449999999999998,0.8907339950581564,-0.38616050427817106,4.165166666666667,3.4768558443500903,0.63,12.97,12.34,2.85,1.1321006419716761,0.02680071803763795,3.7260729166666664,2.98895720389768,0.61,11.64,11.030000000000001,2.88,1.266715288414121,0.6816439792164113,3.66665625,2.5638586108838437,0.68,9.53,8.85,2.96,0.7652365955725755,-0.6478304670748849,0.19021875000000002,0.13900830825088736,0.06,0.72,0.6599999999999999,0.135,1.8018707742021263,2.6165255923119357,0.0,0.0,0,0,0,0.0,0.0,0.0,0.17726041666666667,0.12360206800727912,0.06,0.79,0.73,0.13,2.0325203584272296,4.577649856393903,0.3121041666666667,0.23492671762076814,0.06,1.15,1.0899999999999999,0.22,1.3562388643649628,1.1768843827551985,0.17289583333333336,0.11799307867213663,0.06,0.67,0.6100000000000001,0.13,1.832665700754259,3.183966163180391,0.19052083333333336,0.13098861910513926,0.06,0.77,0.71,0.13,1.6863169570076728,2.6468169343705954,0.16932291666666668,0.10592587909563381,0.06,0.62,0.56,0.13,1.7250531604847728,2.8110537304890366,0.16630208333333335,0.10250548649236196,0.06,0.59,0.53,0.12,1.5978163556018055,2.244758496458811,16.0,960,hit 8,9.0,16.0
1.294397435897436,0.8820643431821255,0.11,4.05,3.94,1.11,1.0093095910259993,0.6232795719476649,0.0,0.0,0,0,0,0.0,0.0,0.0,1.251897435897436,0.8266594480955491,0.11,3.72,3.6100000000000003,1.15,1.0024556551191834,0.5984145615167646,2.4702564102564097,1.3629325160416532,0.21,7.2,6.99,2.455,0.7191920914760999,1.1512197815979412,1.2050128205128205,0.7982119780095954,0.11,3.79,3.68,1.15,1.0236072873224693,0.9889281159883634,1.2883333333333333,0.8237576582367153,0.13,3.67,3.54,1.18,0.806266930179901,0.24795822868993866,1.2186538461538463,0.7933252408628293,0.12,3.73,3.61,1.15,0.9510777660906997,0.7683540640146624,1.1990897435897436,0.7835868073281199,0.11,3.53,3.42,1.15,0.9164674146778167,0.6271475345629884,6.397038461538461,5.215176438755514,0.4,19.78,19.380000000000003,4.635,1.2253695508053268,0.5747241630704583,0.0,0.0,0,0,0,0.0,0.0,0.0,6.617692307692308,6.426474371291786,0.48,24.23,23.75,4.1899999999999995,1.4304942618917191,0.8337004333079414,12.92242307692308,8.002528637632555,0.74,34.39,33.65,11.765,0.6486674215994999,0.016649160647305816,5.64574358974359,4.8951464617044715,0.62,18.04,17.419999999999998,3.855,1.2247651981001668,0.3877611864846302,6.046974358974359,6.118124661228319,0.61,27.02,26.41,3.6950000000000003,1.9894285753462382,3.2584296044123597,5.700294871794871,4.972223492542743,0.65,19.82,19.17,3.67,1.2488850708216437,0.4955536810730101,5.596961538461539,5.068435395080309,0.64,18.15,17.509999999999998,3.5149999999999997,1.2410835694116171,0.31420139032971584,8.156833333333333,5.882107644752747,0.86,27.32,26.46,7.21,1.5526820285778764,2.4317445328167997,0.0,0.0,0,0,0,0.0,0.0,0.0,7.001089743589744,5.762906213698021,1.11,27.4,26.29,5.88,2.235727378487225,4.909621717122341,21.800205128205125,14.535978248100193,3.55,66.94,63.39,17.16,1.409718601587345,1.72289584338922,7.104282051282051,4.936370390169858,0.97,22.22,21.25,6.285,1.4064121589600571,1.938056734758014,7.481076923076923,5.568119953301802,0.99,24.45,23.46,5.609999999999999,1.447236663921534,1.4113362034753472,7.221153846153846,5.394179952278104,0.99,24.47,23.48,6.01,1.6702072722330894,2.7805831606783995,7.470487179487179,5.309163248243344,1.16,25.21,24.05,6.665,1.7217943350389333,3.140655369593211,4.116128205128205,2.701251577739124,0.49,10.68,10.19,3.275,0.8043463389013368,-0.294719026842289,0.0,0.0,0,0,0,0.0,0.0,0.0,4.095089743589743,3.236293005604278,0.52,15.7,15.18,3.17,1.8579975715955415,3.516321583036503,12.91123076923077,11.873713689860576,2.13,60.62,58.489999999999995,9.965,2.715333577912335,6.903534355297607,3.1175641025641023,1.571171354321482,0.59,6.91,6.32,2.79,0.3764758527417623,-0.6827030730697534,3.9679615384615388,2.2725507372688174,0.64,9.96,9.32,3.335,0.5707757289598949,-0.5671471293475259,3.303141025641026,1.8335282053192226,0.63,8.6,7.97,2.75,0.8778921623781759,0.011650229389436717,3.379923076923077,2.1228111268040184,0.62,9.74,9.120000000000001,2.825,1.1608199434449273,0.6692418454777451,0.23398717948717948,0.13791729709034742,0.07,0.77,0.7,0.2,1.335611672735562,1.5903386080772846,0.0,0.0,0,0,0,0.0,0.0,0.0,0.20608974358974358,0.1286703688608375,0.07,0.77,0.7,0.18,2.2105674662853136,5.302360352433848,0.5288974358974359,0.3817937055875589,0.07,2.56,2.49,0.45,2.2165474857487184,6.3809250835030795,0.18891025641025636,0.09611432616636435,0.07,0.58,0.51,0.17,1.6851381150436726,3.100780947742937,0.2197435897435898,0.11586560271324539,0.07,0.71,0.6399999999999999,0.19,1.3682157048592913,2.140921605430128,0.18794871794871798,0.10560005171691966,0.07,0.63,0.56,0.17,1.8391091845143583,3.3297615469145256,0.19347435897435897,0.10119367472240921,0.07,0.62,0.55,0.18,1.7470159341716671,3.6128688303322605,13.0,780,hit 9,10.0,13.0
0.9392444444444443,0.9175607784921749,0.09,3.35,3.2600000000000002,0.55,1.3477384681272213,0.5741934716027939,0.0,0.0,0,0,0,0.0,0.0,0.0,0.8977666666666667,0.8322916959730897,0.09,3.25,3.16,0.565,1.2832460965684385,0.60497821814698,2.0947555555555555,1.7437093822053327,0.18,7.53,7.3500000000000005,1.57,1.1728584272078846,0.7935868669888193,0.8300222222222222,0.756519752030285,0.08,2.8,2.7199999999999998,0.56,1.2139258784313876,0.3011464291487833,0.9456888888888889,0.873695100655065,0.08,3.41,3.33,0.62,1.1756583667740734,0.25954706737754174,0.8384444444444443,0.7441186694610706,0.08,2.8,2.7199999999999998,0.58,1.1707447508316586,0.2361022633767691,0.8296,0.7408177665880774,0.08,2.79,2.71,0.54,1.1284410057917302,0.10109072383231332,4.405411111111111,4.611001057693189,0.33,20.64,20.310000000000002,2.95,1.9085678667236892,3.4248732387382725,0.0,0.0,0,0,0,0.0,0.0,0.0,3.874666666666667,3.5218645835132727,0.31,16.14,15.83,2.7,1.7546088380882072,2.8419304401046324,11.100077777777777,11.212719155068994,0.61,53.39,52.78,8.754999999999999,1.908683555789858,4.146465686565946,4.075799999999999,3.8682213628074136,0.37,17.41,17.04,2.78,1.7692380470373457,2.9837631470785384,4.694277777777777,4.40036319546562,0.43,15.63,15.200000000000001,2.84,1.1305050728038288,-0.06763935677429123,4.146066666666666,3.723334302346491,0.34,16.49,16.15,2.925,1.5647444731810147,2.2685054907705346,3.7695888888888884,3.54356380440884,0.36,15.73,15.370000000000001,2.52,1.7081126102247888,2.566312743341884,5.9979555555555555,4.963118955297123,0.83,18.94,18.110000000000003,3.9450000000000003,1.2181502424586423,0.34239948989324764,0.0,0.0,0,0,0,0.0,0.0,0.0,5.2413,3.8416544885141928,0.89,15.47,14.58,3.99,1.0497664688524797,-0.035668454133902294,18.120288888888886,12.05041897484427,3.63,44.67,41.04,13.395,0.6182534125157259,-0.9548909173144553,5.144366666666667,4.029516892105025,0.9,16.75,15.85,3.935,1.2678456467107218,0.75145696824783,6.428155555555556,6.583670527722344,0.95,29.87,28.92,3.8449999999999998,2.0755306246437475,4.003037433172222,5.143577777777777,3.687512052664913,0.8,14.85,14.049999999999999,4.33,1.0289778377875327,0.010601407555317355,5.186733333333333,3.518025187393116,0.92,14.41,13.49,4.25,0.8719994350357692,-0.19402913824111856,3.5258888888888893,3.2410684303961315,0.37,11.67,11.3,2.03,1.1301158128494881,-0.12889618087112087,0.0,0.0,0,0,0,0.0,0.0,0.0,2.6489000000000003,2.2329908342016265,0.36,8.84,8.48,1.7850000000000001,1.4332792633276823,1.106922102026096,10.169844444444445,8.937466524325538,1.19,40.89,39.7,7.005,1.733885960112991,2.989250324233012,2.6428666666666665,2.195363200419809,0.38,8.69,8.309999999999999,1.68,1.2770337616756158,0.6472788581727795,2.6246888888888886,2.2424357121497285,0.38,9.28,8.899999999999999,1.55,1.2732766426756554,0.5449631363761029,2.6557,2.181896150347445,0.36,8.77,8.41,1.82,1.3077729759102041,0.7564304943329456,2.6539777777777775,2.0316401478296156,0.38,8.14,7.760000000000001,1.86,1.1527940358509225,0.45339160651864674,0.1681888888888889,0.11108999793225449,0.05,0.67,0.62,0.13,1.586987352091325,2.6433007884059743,0.0,0.0,0,0,0,0.0,0.0,0.0,0.1405888888888889,0.07242032090334123,0.06,0.35,0.29,0.12,1.1005713406732394,0.36724201599990547,0.4310777777777778,0.29048855045997535,0.08,1.31,1.23,0.34,0.7244074659513272,-0.4749760682955526,0.13731111111111113,0.0670172797341755,0.05,0.37,0.32,0.12,1.0546025297163062,0.42157424300631385,0.16945555555555558,0.12920839339414156,0.05,0.76,0.71,0.12,1.980815514264994,4.041574938816494,0.13804444444444444,0.06606329103926831,0.05,0.36,0.31,0.12,1.002450543546904,0.3572622494869715,0.13782222222222223,0.06355024424377402,0.05,0.34,0.29000000000000004,0.12,0.7463175571521754,-0.2946684093269285,15.0,900,hit 10,8.0,15.0
